{"anomaly-percentage":0.0566976236,"binary-accuracy":0.9138079826,"client-id":5.4791666667,"f1-score":0.1332820845,"loss":11.8479661544,"precision":0.0,"recall":0.0}