{"anomaly-percentage":{"0":0.0501335759,"1":0.0634426848,"2":0.0519572954,"3":0.067874131,"4":0.0501327042,"5":0.0591767797,"6":0.0597864769,"7":0.1736972705,"8":0.0521158129,"9":0.0505586277,"10":0.0003699593,"11":0.0512113217,"12":0.1516587678,"13":0.0568705322,"14":0.0024775472,"15":0.0687203791,"16":0.0501506402,"17":0.0121342861,"18":0.054648687,"19":0.0990685859,"20":0.0182254471,"21":0.0509394095,"22":0.0516934046,"23":0.00017925,"24":0.0542299349,"25":0.0635730858,"26":0.1130142,"27":0.0584070796,"28":0.0614558473,"29":0.0517079285,"30":0.0756419153,"31":0.0613149412,"32":0.0612885978,"33":0.0005211387,"34":0.063930131,"35":0.0632911392,"36":0.0698324022,"37":0.0621942697,"38":0.0548686244,"39":0.050546689,"40":0.0520820229,"41":0.0113342155,"42":0.05,"43":0.0778350515,"44":0.0525378451,"45":0.0518584348,"46":0.0568081991,"47":0.0559886605},"binary-accuracy":{"0":1.0,"1":0.982547164,"2":1.0,"3":0.9963369966,"4":1.0,"5":0.832185328,"6":0.9019607902,"7":1.0,"8":0.738255024,"9":0.8885125518,"10":1.0,"11":0.7983193398,"12":0.2195121944,"13":0.9936356544,"14":1.0,"15":1.0,"16":0.9664050341,"17":0.9393122196,"18":1.0,"19":0.5031847358,"20":0.9088311195,"21":0.9651528001,"22":0.8322147727,"23":1.0,"24":0.8443908095,"25":1.0,"26":1.0,"27":0.7066666484,"28":0.7389486432,"29":1.0,"30":1.0,"31":0.8533838987,"32":1.0,"33":1.0,"34":0.8880140185,"35":1.0,"36":1.0,"37":0.778652668,"38":1.0,"39":1.0,"40":0.8772040009,"41":0.9433093667,"42":1.0,"43":0.9681583643,"44":0.803571403,"45":0.9941176176,"46":1.0,"47":1.0},"client-id":{"0":0,"1":3,"2":6,"3":5,"4":4,"5":10,"6":5,"7":6,"8":2,"9":0,"10":5,"11":10,"12":1,"13":8,"14":4,"15":3,"16":11,"17":9,"18":6,"19":2,"20":7,"21":0,"22":2,"23":9,"24":10,"25":2,"26":8,"27":2,"28":10,"29":3,"30":6,"31":9,"32":11,"33":11,"34":5,"35":6,"36":6,"37":5,"38":0,"39":9,"40":10,"41":7,"42":1,"43":5,"44":2,"45":7,"46":4,"47":6},"current-round":{"0":1,"1":1,"2":1,"3":2,"4":2,"5":2,"6":3,"7":3,"8":3,"9":4,"10":4,"11":4,"12":5,"13":5,"14":5,"15":6,"16":6,"17":6,"18":7,"19":7,"20":7,"21":8,"22":8,"23":8,"24":9,"25":9,"26":9,"27":10,"28":10,"29":10,"30":11,"31":11,"32":11,"33":12,"34":12,"35":12,"36":13,"37":13,"38":13,"39":14,"40":14,"41":14,"42":15,"43":15,"44":15,"45":16,"46":16,"47":16},"f1-score":{"0":0.0,"1":0.0343069024,"2":0.0,"3":0.0072992686,"4":0.0,"5":0.287399441,"6":0.178571403,"7":0.0,"8":0.4148935974,"9":0.2006094307,"10":0.0,"11":0.3356643021,"12":0.8767122626,"13":0.0126482202,"14":0.0,"15":0.0,"16":0.0650060698,"17":0.1144310161,"18":0.0,"19":0.6638297439,"20":0.1671031713,"21":0.0673474967,"22":0.2873562872,"23":0.0,"24":0.2693110406,"25":0.0,"26":0.0,"27":0.4536082149,"28":0.4140217602,"29":0.0,"30":0.0,"31":0.2557370067,"32":0.0,"33":0.0,"34":0.2014161795,"35":0.0,"36":0.0,"37":0.3624641597,"38":0.0,"39":0.0,"40":0.2187324613,"41":0.1072984561,"42":0.0,"43":0.0617180876,"44":0.3283581734,"45":0.0116959047,"46":0.0,"47":0.0},"loss":{"0":21.6059780121,"1":21.6180229187,"2":21.6068744659,"3":22.2166919708,"4":22.2042617798,"5":22.6973762512,"6":30.0239048004,"7":29.5244255066,"8":30.8336029053,"9":12.5178909302,"10":12.1330251694,"11":12.829044342,"12":13.4716005325,"13":10.4776706696,"14":10.4533596039,"15":12.8559265137,"16":12.9488744736,"17":13.0194416046,"18":10.1806707382,"19":10.8504896164,"20":10.3081855774,"21":8.1058654785,"22":9.0168981552,"23":7.8716044426,"24":9.5591087341,"25":9.3411598206,"26":9.3453063965,"27":12.7818775177,"28":12.5560369492,"29":11.3379468918,"30":7.0243649483,"31":7.1901750565,"32":7.0274481773,"33":6.8484210968,"34":7.7733111382,"35":6.8483757973,"36":7.5343766212,"37":8.8726701736,"38":7.5347280502,"39":6.2541790009,"40":6.9203472137,"41":6.5641961098,"42":4.6353645325,"43":4.8344035149,"44":5.8524365425,"45":4.2570171356,"46":4.2187113762,"47":4.2187261581},"precision":{"0":0.0,"1":0.0,"2":0.0,"3":0.0,"4":0.0,"5":0.0,"6":0.0,"7":0.0,"8":0.0,"9":0.0,"10":0.0,"11":0.0,"12":0.0,"13":0.0,"14":0.0,"15":0.0,"16":0.0,"17":0.0,"18":0.0,"19":0.0,"20":0.0,"21":0.0,"22":0.0,"23":0.0,"24":0.0,"25":0.0,"26":0.0,"27":0.0,"28":0.0,"29":0.0,"30":0.0,"31":0.0,"32":0.0,"33":0.0,"34":0.0,"35":0.0,"36":0.0,"37":0.0,"38":0.0,"39":0.0,"40":0.0,"41":0.0,"42":0.0,"43":0.0,"44":0.0,"45":0.0,"46":0.0,"47":0.0},"recall":{"0":0.0,"1":0.0,"2":0.0,"3":0.0,"4":0.0,"5":0.0,"6":0.0,"7":0.0,"8":0.0,"9":0.0,"10":0.0,"11":0.0,"12":0.0,"13":0.0,"14":0.0,"15":0.0,"16":0.0,"17":0.0,"18":0.0,"19":0.0,"20":0.0,"21":0.0,"22":0.0,"23":0.0,"24":0.0,"25":0.0,"26":0.0,"27":0.0,"28":0.0,"29":0.0,"30":0.0,"31":0.0,"32":0.0,"33":0.0,"34":0.0,"35":0.0,"36":0.0,"37":0.0,"38":0.0,"39":0.0,"40":0.0,"41":0.0,"42":0.0,"43":0.0,"44":0.0,"45":0.0,"46":0.0,"47":0.0}}