{"anomaly-percentage":{"0":0.0516250594,"1":0.1008293839,"2":0.0628993023,"3":0.0612903308,"4":0.0364728169,"5":0.0553316699,"6":0.0778653386,"7":0.0271393658,"8":0.0849423661,"9":0.0310437916,"10":0.0556311813,"11":0.0373201256},"binary-accuracy":{"0":0.963416338,"1":0.6097560972,"2":0.7639820973,"3":0.994182388,"4":1.0,"5":0.9221871396,"6":1.0,"7":0.9487527013,"8":0.9968178272,"9":0.9481740296,"10":0.8182096243,"11":0.988801678},"f1-score":{"0":0.0669892319,"1":0.4383561313,"2":0.3580076694,"3":0.0114356341,"4":0.0,"5":0.1352448498,"6":0.0,"7":0.095365844,"8":0.0063241101,"9":0.0925420057,"10":0.3050258011,"11":0.0216686899},"loss":{"0":12.4411156178,"1":9.0534825325,"2":13.1127440929,"3":15.2706321081,"4":12.29211092,"5":14.3090011279,"6":12.419687748,"7":7.0431329409,"8":9.911488533,"9":8.5838500261,"10":12.9123826981,"11":8.9415812492},"precision":{"0":0.0,"1":0.0,"2":0.0,"3":0.0,"4":0.0,"5":0.0,"6":0.0,"7":0.0,"8":0.0,"9":0.0,"10":0.0,"11":0.0},"recall":{"0":0.0,"1":0.0,"2":0.0,"3":0.0,"4":0.0,"5":0.0,"6":0.0,"7":0.0,"8":0.0,"9":0.0,"10":0.0,"11":0.0}}