{"anomaly-percentage":{"1":0.055177852,"2":0.059061205,"3":0.0951998534,"4":0.0340466362,"5":0.0703356157,"6":0.0436684352,"7":0.05731424,"8":0.0342706881,"9":0.0769390736,"10":0.0571902852,"11":0.0660818181,"12":0.042580803,"13":0.0622984321,"14":0.0379876425,"15":0.0601242989,"16":0.0548850982},"binary-accuracy":{"1":0.994182388,"2":0.9428407749,"3":0.880071938,"4":0.8956106305,"5":0.7377159496,"6":0.9685724179,"7":0.8040052851,"8":0.9324558576,"9":0.9481302698,"10":0.8152050972,"11":0.9511279662,"12":0.9626713395,"13":0.926217556,"14":0.9401711226,"15":0.9239099224,"16":0.9980392059},"f1-score":{"1":0.0114356341,"2":0.0982329032,"3":0.1978216668,"4":0.1787579109,"5":0.2964534943,"6":0.059812362,"7":0.2769776384,"8":0.1182345947,"9":0.0897703469,"10":0.2892099917,"11":0.0852456689,"12":0.0671387265,"13":0.1208213866,"14":0.1086769725,"15":0.1300254203,"16":0.0038986349},"loss":{"1":21.6102917989,"2":22.3727766673,"3":30.1273110708,"4":12.4933201472,"5":11.467543602,"6":12.9414141973,"7":10.446448644,"8":8.3314560254,"9":9.4151916504,"10":12.2252871195,"11":7.0806627274,"12":7.1567026774,"13":7.980591615,"14":6.5795741081,"15":5.1074015299,"16":4.23148489},"precision":{"1":0.0,"2":0.0,"3":0.0,"4":0.0,"5":0.0,"6":0.0,"7":0.0,"8":0.0,"9":0.0,"10":0.0,"11":0.0,"12":0.0,"13":0.0,"14":0.0,"15":0.0,"16":0.0},"recall":{"1":0.0,"2":0.0,"3":0.0,"4":0.0,"5":0.0,"6":0.0,"7":0.0,"8":0.0,"9":0.0,"10":0.0,"11":0.0,"12":0.0,"13":0.0,"14":0.0,"15":0.0,"16":0.0}}