{"anomaly-percentage":{"0":0.0514718844,"1":0.0696117805,"2":0.054648687,"3":0.0517549638,"4":0.0974445381,"5":0.0640861831,"6":0.0585741111,"7":0.0677083333,"8":0.0784486558,"9":0.0566572238,"10":0.0549623116,"11":0.1310679612,"12":0.0658352668,"13":0.0913705584,"14":0.0506423921,"15":0.0594618056,"16":0.0614760493,"17":0.0529100529,"18":0.0654968684,"19":0.0509723041,"20":0.0559364288,"21":0.0523683436,"22":0.0540965561,"23":0.0589884426,"24":0.0632350505,"25":0.0656385542,"26":0.0570622355,"27":0.0867346939,"28":0.0655918871,"29":0.0595196659,"30":0.0002330125,"31":0.00020002,"32":0.0506551614,"33":0.0616426463,"34":0.1268292683,"35":0.0542392056,"36":0.1352657005,"37":0.0642471042,"38":0.061971831,"39":0.0536503764,"40":0.0506058446,"41":0.0678624979,"42":0.0743571925,"43":0.0784253891,"44":0.0024979596,"45":0.0860517435,"46":0.0714285714,"47":0.0001303356},"binary-accuracy":{"0":1.0,"1":0.8344519138,"2":1.0,"3":0.9053672552,"4":1.0,"5":0.9718080163,"6":0.9581817985,"7":0.6486486197,"8":0.7853982449,"9":1.0,"10":0.9685534835,"11":0.3249999881,"12":1.0,"13":0.5263158083,"14":0.9443804026,"15":0.9596773982,"16":1.0,"17":0.722222209,"18":0.8436469436,"19":1.0,"20":0.9352574348,"21":1.0,"22":1.0,"23":0.9736691713,"24":0.9096086025,"25":1.0,"26":0.9740973115,"27":0.552631557,"28":0.9707317352,"29":0.9259582162,"30":1.0,"31":1.0,"32":0.8840000033,"33":0.7539130449,"34":0.3333333433,"35":0.8849418163,"36":0.3000000119,"37":0.8190255165,"38":0.9397163391,"39":0.7314593196,"40":1.0,"41":0.9474999905,"42":1.0,"43":1.0,"44":1.0,"45":0.9648217559,"46":1.0,"47":1.0},"client-id":{"0":5,"1":2,"2":6,"3":3,"4":4,"5":7,"6":0,"7":1,"8":2,"9":6,"10":8,"11":1,"12":4,"13":1,"14":0,"15":11,"16":8,"17":1,"18":7,"19":4,"20":8,"21":4,"22":8,"23":0,"24":9,"25":3,"26":8,"27":1,"28":11,"29":5,"30":9,"31":3,"32":8,"33":5,"34":1,"35":11,"36":1,"37":8,"38":6,"39":10,"40":6,"41":0,"42":6,"43":8,"44":7,"45":3,"46":6,"47":11},"current-round":{"0":1,"1":1,"2":1,"3":2,"4":2,"5":2,"6":3,"7":3,"8":3,"9":4,"10":4,"11":4,"12":5,"13":5,"14":5,"15":6,"16":6,"17":6,"18":7,"19":7,"20":7,"21":8,"22":8,"23":8,"24":9,"25":9,"26":9,"27":10,"28":10,"29":10,"30":11,"31":11,"32":11,"33":12,"34":12,"35":12,"36":13,"37":13,"38":13,"39":14,"40":14,"41":14,"42":15,"43":15,"44":15,"45":16,"46":16,"47":16},"f1-score":{"0":0.0,"1":0.2840690911,"2":0.0,"3":0.1729032099,"4":0.0,"5":0.0548379198,"6":0.0802792311,"7":0.5199999213,"8":0.3533697426,"9":0.0,"10":0.0609756038,"11":0.8059701324,"12":0.0,"13":0.6428571343,"14":0.1053780988,"15":0.0775193721,"16":0.0,"17":0.4347825944,"18":0.270424366,"19":0.0,"20":0.1216117069,"21":0.0,"22":0.0,"23":0.0513106473,"24":0.1657961905,"25":0.0,"26":0.0504973158,"27":0.6181817651,"28":0.0568720326,"29":0.1378750801,"30":0.0,"31":0.0,"32":0.2078852952,"33":0.394975543,"34":0.7999999523,"35":0.2063715607,"36":0.8235293031,"37":0.3064832687,"38":0.1137123629,"39":0.4233852029,"40":0.0,"41":0.0997624546,"42":0.0,"43":0.0,"44":0.0,"45":0.0679655597,"46":0.0,"47":0.0},"false-negatives":{"0":0.0,"1":74.0,"2":0.0,"3":201.0,"4":0.0,"5":225.0,"6":138.0,"7":13.0,"8":97.0,"9":0.0,"10":40.0,"11":27.0,"12":0.0,"13":18.0,"14":193.0,"15":130.0,"16":0.0,"17":10.0,"18":1233.0,"19":0.0,"20":83.0,"21":0.0,"22":0.0,"23":92.0,"24":873.0,"25":0.0,"26":33.0,"27":17.0,"28":90.0,"29":85.0,"30":0.0,"31":0.0,"32":145.0,"33":283.0,"34":26.0,"35":366.0,"36":28.0,"37":234.0,"38":17.0,"39":449.0,"40":0.0,"41":189.0,"42":0.0,"43":0.0,"44":0.0,"45":75.0,"46":0.0,"47":0.0},"false-positives":{"0":0.0,"1":0.0,"2":0.0,"3":0.0,"4":0.0,"5":0.0,"6":0.0,"7":0.0,"8":0.0,"9":0.0,"10":0.0,"11":0.0,"12":0.0,"13":0.0,"14":0.0,"15":0.0,"16":0.0,"17":0.0,"18":0.0,"19":0.0,"20":0.0,"21":0.0,"22":0.0,"23":0.0,"24":0.0,"25":0.0,"26":0.0,"27":0.0,"28":0.0,"29":0.0,"30":0.0,"31":0.0,"32":0.0,"33":0.0,"34":0.0,"35":0.0,"36":0.0,"37":0.0,"38":0.0,"39":0.0,"40":0.0,"41":0.0,"42":0.0,"43":0.0,"44":0.0,"45":0.0,"46":0.0,"47":0.0},"loss":{"0":21.6052951813,"1":21.7228450775,"2":21.6014308929,"3":16.8455696106,"4":16.6551532745,"5":16.7243175507,"6":31.3499069214,"7":33.470916748,"8":32.3629341125,"9":16.1350746155,"10":16.3111457825,"11":20.3620929718,"12":5.5202493668,"13":7.3261637688,"14":5.7108569145,"15":11.3402299881,"16":11.2254276276,"17":11.9907970428,"18":14.4528074265,"19":14.3393144608,"20":14.3728914261,"21":11.4314069748,"22":11.418551445,"23":11.5007371902,"24":5.6271681786,"25":5.4904909134,"26":5.5308818817,"27":6.6921291351,"28":6.4388546944,"29":6.4670205116,"30":9.355134964,"31":9.4214305878,"32":9.9619493484,"33":9.0502882004,"34":9.4566059113,"35":8.4290742874,"36":7.4438347816,"37":5.9532647133,"38":5.5956435204,"39":6.6366739273,"40":5.0575413704,"41":5.3129673004,"42":5.0693531036,"43":5.0696725845,"44":5.0682997704,"45":4.5940890312,"46":4.45297575,"47":4.454767704},"precision":{"0":0.0,"1":0.0,"2":0.0,"3":0.0,"4":0.0,"5":0.0,"6":0.0,"7":0.0,"8":0.0,"9":0.0,"10":0.0,"11":0.0,"12":0.0,"13":0.0,"14":0.0,"15":0.0,"16":0.0,"17":0.0,"18":0.0,"19":0.0,"20":0.0,"21":0.0,"22":0.0,"23":0.0,"24":0.0,"25":0.0,"26":0.0,"27":0.0,"28":0.0,"29":0.0,"30":0.0,"31":0.0,"32":0.0,"33":0.0,"34":0.0,"35":0.0,"36":0.0,"37":0.0,"38":0.0,"39":0.0,"40":0.0,"41":0.0,"42":0.0,"43":0.0,"44":0.0,"45":0.0,"46":0.0,"47":0.0},"recall":{"0":0.0,"1":0.0,"2":0.0,"3":0.0,"4":0.0,"5":0.0,"6":0.0,"7":0.0,"8":0.0,"9":0.0,"10":0.0,"11":0.0,"12":0.0,"13":0.0,"14":0.0,"15":0.0,"16":0.0,"17":0.0,"18":0.0,"19":0.0,"20":0.0,"21":0.0,"22":0.0,"23":0.0,"24":0.0,"25":0.0,"26":0.0,"27":0.0,"28":0.0,"29":0.0,"30":0.0,"31":0.0,"32":0.0,"33":0.0,"34":0.0,"35":0.0,"36":0.0,"37":0.0,"38":0.0,"39":0.0,"40":0.0,"41":0.0,"42":0.0,"43":0.0,"44":0.0,"45":0.0,"46":0.0,"47":0.0},"true-negatives":{"0":1133.0,"1":373.0,"2":280.0,"3":1923.0,"4":711.0,"5":7756.0,"6":3162.0,"7":24.0,"8":355.0,"9":281.0,"10":1232.0,"11":13.0,"12":688.0,"13":20.0,"14":3277.0,"15":3094.0,"16":1280.0,"17":26.0,"18":6653.0,"19":677.0,"20":1199.0,"21":678.0,"22":1270.0,"23":3402.0,"24":8785.0,"25":2073.0,"26":1241.0,"27":21.0,"28":2985.0,"29":1063.0,"30":11157.0,"31":1998.0,"32":1105.0,"33":867.0,"34":13.0,"35":2815.0,"36":12.0,"37":1059.0,"38":265.0,"39":1223.0,"40":279.0,"41":3411.0,"42":286.0,"43":1309.0,"44":8085.0,"45":2057.0,"46":278.0,"47":3067.0},"true-positives":{"0":0.0,"1":0.0,"2":0.0,"3":0.0,"4":0.0,"5":0.0,"6":0.0,"7":0.0,"8":0.0,"9":0.0,"10":0.0,"11":0.0,"12":0.0,"13":0.0,"14":0.0,"15":0.0,"16":0.0,"17":0.0,"18":0.0,"19":0.0,"20":0.0,"21":0.0,"22":0.0,"23":0.0,"24":0.0,"25":0.0,"26":0.0,"27":0.0,"28":0.0,"29":0.0,"30":0.0,"31":0.0,"32":0.0,"33":0.0,"34":0.0,"35":0.0,"36":0.0,"37":0.0,"38":0.0,"39":0.0,"40":0.0,"41":0.0,"42":0.0,"43":0.0,"44":0.0,"45":0.0,"46":0.0,"47":0.0},"false-acceptance-rate":{"0":0.0,"1":0.0,"2":0.0,"3":0.0,"4":0.0,"5":0.0,"6":0.0,"7":0.0,"8":0.0,"9":0.0,"10":0.0,"11":0.0,"12":0.0,"13":0.0,"14":0.0,"15":0.0,"16":0.0,"17":0.0,"18":0.0,"19":0.0,"20":0.0,"21":0.0,"22":0.0,"23":0.0,"24":0.0,"25":0.0,"26":0.0,"27":0.0,"28":0.0,"29":0.0,"30":0.0,"31":0.0,"32":0.0,"33":0.0,"34":0.0,"35":0.0,"36":0.0,"37":0.0,"38":0.0,"39":0.0,"40":0.0,"41":0.0,"42":0.0,"43":0.0,"44":0.0,"45":0.0,"46":0.0,"47":0.0},"false-rejection-rate":{"0":0.0,"1":1.0,"2":0.0,"3":1.0,"4":0.0,"5":1.0,"6":1.0,"7":1.0,"8":1.0,"9":0.0,"10":1.0,"11":1.0,"12":0.0,"13":1.0,"14":1.0,"15":1.0,"16":0.0,"17":1.0,"18":1.0,"19":0.0,"20":1.0,"21":0.0,"22":0.0,"23":1.0,"24":1.0,"25":0.0,"26":1.0,"27":1.0,"28":1.0,"29":1.0,"30":0.0,"31":0.0,"32":1.0,"33":1.0,"34":1.0,"35":1.0,"36":1.0,"37":1.0,"38":1.0,"39":1.0,"40":0.0,"41":1.0,"42":0.0,"43":0.0,"44":0.0,"45":1.0,"46":0.0,"47":0.0}}