{"anomaly-percentage":0.0623764094,"binary-accuracy":0.8790482761,"client-id":5.1458333333,"f1-score":0.1772829512,"false-negatives":114.25,"false-positives":0.0,"loss":11.5084630946,"precision":0.0,"recall":0.0,"true-negatives":1978.3541666667,"true-positives":0.0,"false-acceptance-rate":0.0,"false-rejection-rate":0.625}