{"anomaly-percentage":{"1":0.0585774506,"2":0.0710952283,"3":0.0682437001,"4":0.0808958322,"5":0.0692827391,"6":0.0579493026,"7":0.0574685338,"8":0.0551511141,"9":0.0619786134,"10":0.0706154156,"11":0.017029398,"12":0.0809037067,"13":0.0871615452,"14":0.0573729063,"15":0.0517601804,"16":0.0525368835},"binary-accuracy":{"1":0.9448173046,"2":0.9590584238,"3":0.7974095543,"4":0.7645178239,"5":0.8235654036,"6":0.8939665357,"7":0.9263014595,"8":0.9912230571,"9":0.9612353047,"10":0.8164405028,"11":0.9613333344,"12":0.6573960682,"13":0.6862472892,"14":0.8929864367,"15":1.0,"16":0.9882739186},"f1-score":{"1":0.094689697,"2":0.0759137099,"3":0.317882965,"4":0.288981912,"5":0.2494117444,"6":0.1707673222,"7":0.130678691,"8":0.0171035491,"9":0.0720978354,"10":0.2709762926,"11":0.0692950984,"12":0.4671156853,"13":0.4145749783,"14":0.1743825525,"15":0.0,"16":0.0226551866},"false-negatives":{"1":24.6666666667,"2":142.0,"3":82.6666666667,"4":22.3333333333,"5":70.3333333333,"6":46.6666666667,"7":438.6666666667,"8":30.6666666667,"9":302.0,"10":64.0,"11":48.3333333333,"12":225.0,"13":93.0,"14":212.6666666667,"15":0.0,"16":25.0},"false-positives":{"1":0.0,"2":0.0,"3":0.0,"4":0.0,"5":0.0,"6":0.0,"7":0.0,"8":0.0,"9":0.0,"10":0.0,"11":0.0,"12":0.0,"13":0.0,"14":0.0,"15":0.0,"16":0.0},"loss":{"1":21.6431903839,"2":16.7416801453,"3":32.3945859273,"4":17.6027711233,"5":6.1857566833,"6":11.5188182195,"7":14.3883377711,"8":11.45023187,"9":5.5495136579,"10":6.5326681137,"11":9.5795049667,"12":8.978656133,"13":6.3309143384,"14":5.669060866,"15":5.0691084862,"16":4.5006108284},"precision":{"1":0.0,"2":0.0,"3":0.0,"4":0.0,"5":0.0,"6":0.0,"7":0.0,"8":0.0,"9":0.0,"10":0.0,"11":0.0,"12":0.0,"13":0.0,"14":0.0,"15":0.0,"16":0.0},"recall":{"1":0.0,"2":0.0,"3":0.0,"4":0.0,"5":0.0,"6":0.0,"7":0.0,"8":0.0,"9":0.0,"10":0.0,"11":0.0,"12":0.0,"13":0.0,"14":0.0,"15":0.0,"16":0.0},"true-negatives":{"1":595.3333333333,"2":3463.3333333333,"3":1180.3333333333,"4":508.6666666667,"5":1328.3333333333,"6":1466.6666666667,"7":2843.0,"8":1783.3333333333,"9":4033.0,"10":1356.3333333333,"11":4753.3333333333,"12":1231.6666666667,"13":445.3333333333,"14":1637.6666666667,"15":3226.6666666667,"16":1800.6666666667},"true-positives":{"1":0.0,"2":0.0,"3":0.0,"4":0.0,"5":0.0,"6":0.0,"7":0.0,"8":0.0,"9":0.0,"10":0.0,"11":0.0,"12":0.0,"13":0.0,"14":0.0,"15":0.0,"16":0.0},"false-acceptance-rate":{"1":0.0,"2":0.0,"3":0.0,"4":0.0,"5":0.0,"6":0.0,"7":0.0,"8":0.0,"9":0.0,"10":0.0,"11":0.0,"12":0.0,"13":0.0,"14":0.0,"15":0.0,"16":0.0},"false-rejection-rate":{"1":0.3333333333,"2":0.6666666667,"3":1.0,"4":0.6666666667,"5":0.6666666667,"6":0.6666666667,"7":0.6666666667,"8":0.3333333333,"9":0.6666666667,"10":1.0,"11":0.3333333333,"12":1.0,"13":1.0,"14":0.6666666667,"15":0.0,"16":0.3333333333}}