{"anomaly-percentage":{"0":0.0590168609,"1":0.0988409383,"2":0.0740302181,"3":0.0509113204,"4":0.0666551131,"5":0.0575447322,"6":0.0616115584,"7":0.0440270037,"8":0.0596076545,"9":0.0317340315,"10":0.0536503764,"11":0.0448558085},"binary-accuracy":{"0":0.9559328407,"1":0.486878791,"2":0.8099250793,"3":0.9675472528,"4":1.0,"5":0.8932904204,"6":0.9899527232,"7":0.9384849866,"8":0.9476167187,"9":0.9548043013,"10":0.7314593196,"11":0.9538377374},"f1-score":{"0":0.0841826079,"1":0.6636172576,"2":0.3187194169,"3":0.0602171924,"4":0.0,"5":0.1776168744,"6":0.0189520605,"7":0.1084207619,"8":0.0934316488,"9":0.0828980953,"10":0.4233852029,"11":0.0851907413},"false-negatives":{"0":153.0,"1":19.8571428571,"2":85.5,"3":69.0,"4":0.0,"5":122.6666666667,"6":2.8333333333,"7":486.0,"8":66.875,"9":436.5,"10":449.0,"11":146.5},"false-positives":{"0":0.0,"1":0.0,"2":0.0,"3":0.0,"4":0.0,"5":0.0,"6":0.0,"7":0.0,"8":0.0,"9":0.0,"10":0.0,"11":0.0},"loss":{"0":13.4686170816,"1":13.8203629085,"2":27.042889595,"3":9.0878950357,"4":11.9865310192,"5":12.3742012978,"6":9.6520032088,"7":12.0818082492,"8":9.9804731011,"9":7.4911515713,"10":6.6366739273,"11":7.6657316685},"precision":{"0":0.0,"1":0.0,"2":0.0,"3":0.0,"4":0.0,"5":0.0,"6":0.0,"7":0.0,"8":0.0,"9":0.0,"10":0.0,"11":0.0},"recall":{"0":0.0,"1":0.0,"2":0.0,"3":0.0,"4":0.0,"5":0.0,"6":0.0,"7":0.0,"8":0.0,"9":0.0,"10":0.0,"11":0.0},"true-negatives":{"0":3313.0,"1":18.4285714286,"2":364.0,"3":2012.75,"4":688.5,"5":1021.0,"6":278.1666666667,"7":7498.0,"8":1211.875,"9":9971.0,"10":1223.0,"11":2990.25},"true-positives":{"0":0.0,"1":0.0,"2":0.0,"3":0.0,"4":0.0,"5":0.0,"6":0.0,"7":0.0,"8":0.0,"9":0.0,"10":0.0,"11":0.0},"false-acceptance-rate":{"0":0.0,"1":0.0,"2":0.0,"3":0.0,"4":0.0,"5":0.0,"6":0.0,"7":0.0,"8":0.0,"9":0.0,"10":0.0,"11":0.0},"false-rejection-rate":{"0":1.0,"1":1.0,"2":1.0,"3":0.5,"4":0.0,"5":0.6666666667,"6":0.1666666667,"7":0.6666666667,"8":0.625,"9":0.5,"10":1.0,"11":0.75}}