{"anomaly-percentage":0.0181338908,"binary-accuracy":0.9854166706,"client-id":9.3333333333,"f1-score":0.0279441079,"false-negatives":18.6666666667,"false-positives":0.0,"loss":21.5848700205,"precision":0.0,"recall":0.0,"true-negatives":4968.0,"true-positives":0.0,"false-acceptance-rate":0.0,"false-rejection-rate":0.3333333333}