{"anomaly-percentage":{"8":0.0537248165,"9":0.0005465202,"11":0.0001303356},"binary-accuracy":{"8":0.9562500119,"9":1.0,"11":1.0},"f1-score":{"8":0.0838323236,"9":0.0,"11":0.0},"false-negatives":{"8":56.0,"9":0.0,"11":0.0},"false-positives":{"8":0.0,"9":0.0,"11":0.0},"loss":{"8":21.6120281219,"9":21.5765457153,"11":21.5660362244},"precision":{"8":0.0,"9":0.0,"11":0.0},"recall":{"8":0.0,"9":0.0,"11":0.0},"true-negatives":{"8":1224.0,"9":10612.0,"11":3068.0},"true-positives":{"8":0.0,"9":0.0,"11":0.0},"false-acceptance-rate":{"8":0.0,"9":0.0,"11":0.0},"false-rejection-rate":{"8":1.0,"9":0.0,"11":0.0}}