{"anomaly-percentage":{"0":0.0005465202,"1":0.0001303356,"2":0.0537248165},"binary-accuracy":{"0":1.0,"1":1.0,"2":0.9562500119},"client-id":{"0":9,"1":11,"2":8},"current-round":{"0":1,"1":1,"2":1},"f1-score":{"0":0.0,"1":0.0,"2":0.0838323236},"false-negatives":{"0":0.0,"1":0.0,"2":56.0},"false-positives":{"0":0.0,"1":0.0,"2":0.0},"loss":{"0":21.5765457153,"1":21.5660362244,"2":21.6120281219},"precision":{"0":0.0,"1":0.0,"2":0.0},"recall":{"0":0.0,"1":0.0,"2":0.0},"true-negatives":{"0":10612.0,"1":3068.0,"2":1224.0},"true-positives":{"0":0.0,"1":0.0,"2":0.0},"false-acceptance-rate":{"0":0.0,"1":0.0,"2":0.0},"false-rejection-rate":{"0":0.0,"1":0.0,"2":1.0}}