{"anomaly-percentage":{"0":0.3862909368,"1":1.0,"2":0.3814741036},"binary-accuracy":{"0":0.0038109757,"1":0.0,"2":0.0},"client-id":{"0":11,"1":8,"2":5},"current-round":{"0":1,"1":1,"2":1},"f1-score":{"0":0.9980908036,"1":1.0,"2":1.0},"false-negatives":{"0":1307.0,"1":122.0,"2":803.0},"false-positives":{"0":0.0,"1":0.0,"2":0.0},"loss":{"0":22.2886314392,"1":22.2937469482,"2":22.2913265228},"precision":{"0":0.0,"1":0.0,"2":0.0},"recall":{"0":0.0,"1":0.0,"2":0.0},"true-negatives":{"0":5.0,"1":0.0,"2":0.0},"true-positives":{"0":0.0,"1":0.0,"2":0.0},"false-acceptance-rate":{"0":0.0,"1":0.0,"2":0.0},"false-rejection-rate":{"0":1.0,"1":1.0,"2":1.0}}