{"anomaly-percentage":{"5":0.3814741036,"8":1.0,"11":0.3862909368},"binary-accuracy":{"5":0.0,"8":0.0,"11":0.0038109757},"f1-score":{"5":1.0,"8":1.0,"11":0.9980908036},"false-negatives":{"5":803.0,"8":122.0,"11":1307.0},"false-positives":{"5":0.0,"8":0.0,"11":0.0},"loss":{"5":22.2913265228,"8":22.2937469482,"11":22.2886314392},"precision":{"5":0.0,"8":0.0,"11":0.0},"recall":{"5":0.0,"8":0.0,"11":0.0},"true-negatives":{"5":0.0,"8":0.0,"11":5.0},"true-positives":{"5":0.0,"8":0.0,"11":0.0},"false-acceptance-rate":{"5":0.0,"8":0.0,"11":0.0},"false-rejection-rate":{"5":1.0,"8":1.0,"11":1.0}}