{"anomaly-percentage":{"0":0.0502636204,"1":0.0659186536,"2":0.0820512821},"binary-accuracy":{"0":0.8934859037,"1":1.0,"2":0.5675675869},"client-id":{"0":5,"1":6,"2":1},"current-round":{"0":1,"1":1,"2":1},"f1-score":{"0":0.1925218552,"1":0.0,"2":0.6037735343},"false-negatives":{"0":121.0,"1":0.0,"2":16.0},"false-positives":{"0":0.0,"1":0.0,"2":0.0},"loss":{"0":21.8063697815,"1":21.7188453674,"2":22.0721244812},"precision":{"0":0.0,"1":0.0,"2":0.0},"recall":{"0":0.0,"1":0.0,"2":0.0},"true-negatives":{"0":1015.0,"1":284.0,"2":21.0},"true-positives":{"0":0.0,"1":0.0,"2":0.0}}