{"anomaly-percentage":0.066077852,"binary-accuracy":0.8203511635,"client-id":4.0,"f1-score":0.2654317965,"false-negatives":45.6666666667,"false-positives":0.0,"loss":21.8657798767,"precision":0.0,"recall":0.0,"true-negatives":440.0,"true-positives":0.0}