{"anomaly-percentage":{"1":0.0820512821,"5":0.0502636204,"6":0.0659186536},"binary-accuracy":{"1":0.5675675869,"5":0.8934859037,"6":1.0},"f1-score":{"1":0.6037735343,"5":0.1925218552,"6":0.0},"false-negatives":{"1":16.0,"5":121.0,"6":0.0},"false-positives":{"1":0.0,"5":0.0,"6":0.0},"loss":{"1":22.0721244812,"5":21.8063697815,"6":21.7188453674},"precision":{"1":0.0,"5":0.0,"6":0.0},"recall":{"1":0.0,"5":0.0,"6":0.0},"true-negatives":{"1":21.0,"5":1015.0,"6":284.0},"true-positives":{"1":0.0,"5":0.0,"6":0.0}}