{"anomaly-percentage":{"1":0.0575350407,"2":0.0365010702,"3":0.0742912184,"4":0.0585087809,"5":0.0736104178,"6":0.0616198279,"7":0.0545799055,"8":0.108408342,"9":0.070379115,"10":0.0658000583,"11":0.0561739816,"12":0.0578797018,"13":0.068734071,"14":0.0362601183,"15":0.0682780481,"16":0.0723106322},"binary-accuracy":{"1":0.8754191995,"2":0.9298928181,"3":0.7388499677,"4":0.945588847,"5":0.8712768952,"6":0.9186898669,"7":0.9775733153,"8":0.5552303592,"9":0.937211136,"10":0.8585735758,"11":0.812959969,"12":0.9600782394,"13":0.9246864518,"14":0.9923462669,"15":0.9122042855,"16":0.752136757},"f1-score":{"1":0.2054675917,"2":0.1183439263,"3":0.3766002059,"4":0.0935515463,"5":0.1858781445,"6":0.1398743565,"7":0.0420258592,"8":0.0,"9":0.1067049845,"10":0.2076116418,"11":0.2975349116,"12":0.0749149819,"13":0.1364230669,"14":0.0149638777,"15":0.1597815603,"16":0.2843137185},"loss":{"1":21.7485478719,"2":11.9002259572,"3":24.3891963959,"4":13.5995108287,"5":5.5953497887,"6":15.1761652629,"7":25.4925142924,"8":30.2487246195,"9":7.859404405,"10":8.5194883347,"11":14.4216515223,"12":19.5649662018,"13":22.281932195,"14":20.041741689,"15":9.9242353439,"16":6.6913353602},"precision":{"1":0.0,"2":0.0,"3":0.0,"4":0.0,"5":0.0,"6":0.0,"7":0.0,"8":0.0,"9":0.0,"10":0.1591840222,"11":0.1717055862,"12":0.0,"13":0.0,"14":0.0,"15":0.0,"16":0.0},"recall":{"1":0.0,"2":0.0,"3":0.0,"4":0.0,"5":0.0,"6":0.0,"7":0.0,"8":0.0,"9":0.0,"10":0.7869825761,"11":0.9205128153,"12":0.0,"13":0.0,"14":0.0,"15":0.0,"16":0.0}}