{"anomaly-percentage":{"0":0.0561526444,"1":0.170157967,"2":0.0701635413,"3":0.0651692576,"4":0.0577768731,"5":0.0697106648,"6":0.074031204,"7":0.0361073166,"8":0.0398510977,"9":0.0598455373,"10":0.0640079226,"11":0.0525199601},"binary-accuracy":{"0":0.8991916627,"1":0.1282051355,"2":0.718082125,"3":0.9506909251,"4":0.9900332391,"5":0.9069544077,"6":1.0,"7":0.9987380266,"8":0.9897503406,"9":0.9297546387,"10":0.7419948379,"11":0.836766541},"f1-score":{"0":0.1729989052,"1":0.4264705777,"2":0.3413202986,"3":0.0884986047,"4":0.0107296119,"5":0.1477898631,"6":0.0,"7":0.0025081279,"8":0.0201487718,"9":0.1284599598,"10":0.401027292,"11":0.280654639},"loss":{"0":17.3213288784,"1":27.21677351,"2":20.3696750005,"3":17.9645288467,"4":17.9649736881,"5":16.071917057,"6":13.3075695038,"7":11.7343402863,"8":11.0117400885,"9":14.8824745178,"10":11.4359025955,"11":14.1882181168},"precision":{"0":0.0634711012,"1":0.0,"2":0.0394736851,"3":0.0,"4":0.0058922558,"5":0.0034843204,"6":0.0,"7":0.0022230456,"8":0.0,"9":0.0,"10":0.1476226052,"11":0.0},"recall":{"0":0.25,"1":0.0,"2":0.1269230743,"3":0.0,"4":0.2333333343,"5":0.1428571429,"6":0.0,"7":0.1111111164,"8":0.0,"9":0.0,"10":0.2906862696,"11":0.0}}