{"anomaly-percentage":{"0":0.0527323189,"1":0.0695233931,"2":0.05034941,"3":0.0003310084,"4":0.0590075995,"5":0.0501646026,"6":0.0568310124,"7":0.0571679859,"8":0.1088746569,"9":0.0525199601,"10":0.0698015634,"11":0.0532048193,"12":0.0566670625,"13":0.0546204779,"14":0.109543713,"15":0.0604888342,"16":0.0505873891,"17":0.0737832604,"18":0.0525801632,"19":0.0532039976,"20":0.0579555556,"21":0.0629678556,"22":0.2008928571,"23":0.0613643134,"24":0.0914051842,"25":0.0573655495,"26":0.0623666113,"27":0.0524987734,"28":0.0790697674,"29":0.0658316341,"30":0.0575730735,"31":0.0608853851,"32":0.0500634863,"33":0.0507075472,"34":0.0598968893,"35":0.0630346691,"36":0.0695238095,"37":0.0604428619,"38":0.0762355415,"39":0.0508849558,"40":0.0012381754,"41":0.0566572238,"42":0.0600316763,"43":0.0935543278,"44":0.0512481402,"45":0.0765195369,"46":0.0009892828,"47":0.1394230769},"binary-accuracy":{"0":1.0,"1":0.7384615541,"2":0.8877960443,"3":1.0,"4":0.8022471666,"5":0.9874312878,"6":0.889778614,"7":0.8738977313,"8":0.4528735578,"9":0.836766541,"10":1.0,"11":1.0,"12":1.0,"13":0.9995200634,"14":0.6143106222,"15":1.0,"16":0.8049219847,"17":0.9511476159,"18":0.9327199459,"19":1.0,"20":1.0,"21":0.6836283207,"22":0.0,"23":0.982062757,"24":1.0,"25":0.9945312738,"26":0.8171021342,"27":0.9936901331,"28":0.6039603949,"29":0.9780701995,"30":0.7104676962,"31":0.752048552,"32":0.9763636589,"33":1.0,"34":0.9594202638,"35":0.9208144546,"36":0.9904625416,"37":0.8994879723,"38":0.8841088414,"39":0.9770388007,"40":1.0,"41":1.0,"42":0.9108214974,"43":0.87321347,"44":0.952577889,"45":1.0,"46":1.0,"47":0.2564102709},"client-id":{"0":3,"1":2,"2":9,"3":7,"4":2,"5":8,"6":3,"7":5,"8":2,"9":11,"10":7,"11":3,"12":7,"13":9,"14":5,"15":5,"16":10,"17":9,"18":0,"19":4,"20":5,"21":2,"22":1,"23":4,"24":6,"25":8,"26":10,"27":7,"28":10,"29":4,"30":2,"31":0,"32":5,"33":4,"34":0,"35":2,"36":3,"37":9,"38":5,"39":8,"40":7,"41":6,"42":9,"43":3,"44":0,"45":5,"46":8,"47":1},"current-round":{"0":1,"1":1,"2":1,"3":2,"4":2,"5":2,"6":3,"7":3,"8":3,"9":4,"10":4,"11":4,"12":5,"13":5,"14":5,"15":6,"16":6,"17":6,"18":7,"19":7,"20":7,"21":8,"22":8,"23":8,"24":9,"25":9,"26":9,"27":10,"28":10,"29":10,"30":11,"31":11,"32":11,"33":12,"34":12,"35":12,"36":13,"37":13,"38":13,"39":14,"40":14,"41":14,"42":15,"43":15,"44":15,"45":16,"46":16,"47":16},"f1-score":{"0":0.0,"1":0.4146341085,"2":0.2017686665,"3":0.0,"4":0.3302063346,"5":0.0248254444,"6":0.1985574663,"7":0.2239623964,"8":0.707280755,"9":0.280654639,"10":0.0,"11":0.0,"12":0.0,"13":0.0009594166,"14":0.5566750169,"15":0.0,"16":0.3264690936,"17":0.0931539759,"18":0.1260775775,"19":0.0,"20":0.0,"21":0.0,"22":0.0,"23":0.0,"24":0.0,"25":0.0108780097,"26":0.3092369437,"27":0.0125406394,"28":0.5673758388,"29":0.0429184474,"30":0.4490500689,"31":0.3973734975,"32":0.0461811684,"33":0.0,"34":0.0779944211,"35":0.1467505246,"36":0.0188946594,"37":0.1826640815,"38":0.2077104598,"39":0.0448916331,"40":0.0,"41":0.0,"42":0.1637536585,"43":0.2250408977,"44":0.0905501246,"45":0.0,"46":0.0,"47":0.8529411554},"loss":{"0":21.6535072327,"1":21.8539543152,"2":21.7381820679,"3":11.7362928391,"4":12.204788208,"5":11.7595968246,"6":23.1055736542,"7":23.2063426971,"8":26.8556728363,"9":14.1882181168,"10":13.3060398102,"11":13.304274559,"12":5.1437101364,"13":5.1449165344,"14":6.4974226952,"15":14.8514966965,"16":15.6024093628,"17":15.0745897293,"18":25.5799026489,"19":25.4385433197,"20":25.4590969086,"21":26.7825984955,"22":45.0971679688,"23":18.8664073944,"24":6.6388282776,"25":6.7459807396,"26":10.1934041977,"27":8.5093421936,"28":8.5118942261,"29":8.5372285843,"30":14.4207420349,"31":14.4025201797,"32":14.4416923523,"33":19.0177154541,"34":19.5768890381,"35":20.1002941132,"36":21.6456508636,"37":22.5216197968,"38":22.6785259247,"39":20.1725978851,"40":19.976316452,"41":19.97631073,"42":9.9330644608,"43":10.1136379242,"44":9.7260036469,"45":5.3688421249,"46":5.3687849045,"47":9.3363790512},"precision":{"0":0.0,"1":0.0,"2":0.0,"3":0.0,"4":0.0,"5":0.0,"6":0.0,"7":0.0,"8":0.0,"9":0.0,"10":0.0,"11":0.0,"12":0.0,"13":0.0,"14":0.0,"15":0.0,"16":0.0,"17":0.0,"18":0.0,"19":0.0,"20":0.0,"21":0.0,"22":0.0,"23":0.0,"24":0.0,"25":0.0,"26":0.0,"27":0.0111152278,"28":0.4428678155,"29":0.0235690232,"30":0.2368421108,"31":0.2538844049,"32":0.024390243,"33":0.0,"34":0.0,"35":0.0,"36":0.0,"37":0.0,"38":0.0,"39":0.0,"40":0.0,"41":0.0,"42":0.0,"43":0.0,"44":0.0,"45":0.0,"46":0.0,"47":0.0},"recall":{"0":0.0,"1":0.0,"2":0.0,"3":0.0,"4":0.0,"5":0.0,"6":0.0,"7":0.0,"8":0.0,"9":0.0,"10":0.0,"11":0.0,"12":0.0,"13":0.0,"14":0.0,"15":0.0,"16":0.0,"17":0.0,"18":0.0,"19":0.0,"20":0.0,"21":0.0,"22":0.0,"23":0.0,"24":0.0,"25":0.0,"26":0.0,"27":0.555555582,"28":0.8720588088,"29":0.9333333373,"30":0.7615384459,"31":1.0,"32":1.0,"33":0.0,"34":0.0,"35":0.0,"36":0.0,"37":0.0,"38":0.0,"39":0.0,"40":0.0,"41":0.0,"42":0.0,"43":0.0,"44":0.0,"45":0.0,"46":0.0,"47":0.0}}