{"anomaly-percentage":0.0638043956,"binary-accuracy":0.8726698719,"client-id":5.1041666667,"f1-score":0.1527493983,"loss":16.0909368793,"precision":0.0206806005,"recall":0.106718462}