{"binary-accuracy":{"0":0.9562345147,"1":0.950810194,"2":0.9435185194},"client-id":{"0":8,"1":0,"2":5},"current-round":{"0":1,"1":1,"2":1},"f1-score":{"0":0.083860755,"1":0.0937672257,"2":0.1069237366},"false-negatives":{"0":0.0,"1":0.0,"2":0.0},"false-positives":{"0":1158.0,"1":3286.0,"2":1019.0},"loss":{"0":21.9171028137,"1":21.9166088104,"2":21.915895462},"precision":{"0":0.0437654816,"1":0.0491898134,"2":0.0564814806},"recall":{"0":1.0,"1":1.0,"2":1.0},"true-negatives":{"0":0.0,"1":0.0,"2":0.0},"true-positives":{"0":53.0,"1":170.0,"2":61.0},"false-acceptance-rate":{"0":1.0,"1":1.0,"2":1.0},"false-rejection-rate":{"0":0.0,"1":0.0,"2":0.0}}