{"binary-accuracy":{"1":0.9501877427},"f1-score":{"1":0.0948505724},"false-negatives":{"1":0.0},"false-positives":{"1":1821.0},"loss":{"1":21.9165356954},"precision":{"1":0.0498122585},"recall":{"1":1.0},"true-negatives":{"1":0.0},"true-positives":{"1":94.6666666667},"false-acceptance-rate":{"1":1.0},"false-rejection-rate":{"1":0.0}}