{"binary-accuracy":{"0":0.950810194,"5":0.9435185194,"8":0.9562345147},"f1-score":{"0":0.0937672257,"5":0.1069237366,"8":0.083860755},"false-negatives":{"0":0.0,"5":0.0,"8":0.0},"false-positives":{"0":3286.0,"5":1019.0,"8":1158.0},"loss":{"0":21.9166088104,"5":21.915895462,"8":21.9171028137},"precision":{"0":0.0491898134,"5":0.0564814806,"8":0.0437654816},"recall":{"0":1.0,"5":1.0,"8":1.0},"true-negatives":{"0":0.0,"5":0.0,"8":0.0},"true-positives":{"0":170.0,"5":61.0,"8":53.0},"false-acceptance-rate":{"0":1.0,"5":1.0,"8":1.0},"false-rejection-rate":{"0":0.0,"5":0.0,"8":0.0}}