{"binary-accuracy":0.9501877427,"client-id":4.3333333333,"f1-score":0.0948505724,"false-negatives":0.0,"false-positives":1821.0,"loss":21.9165356954,"precision":0.0498122585,"recall":1.0,"true-negatives":0.0,"true-positives":94.6666666667,"false-acceptance-rate":1.0,"false-rejection-rate":0.0}