{"binary-accuracy":{"0":0.948784709,"7":0.9512771964,"8":0.9430223107},"f1-score":{"0":0.0974401161,"7":0.0929183513,"8":0.1078124866},"false-negatives":{"0":177.0,"7":412.0,"8":69.0},"false-positives":{"0":0.0,"7":0.0,"8":0.0},"loss":{"0":21.664308548,"7":21.6628017426,"8":21.6685581207},"precision":{"0":0.0,"7":0.0,"8":0.0},"recall":{"0":0.0,"7":0.0,"8":0.0},"true-negatives":{"0":3279.0,"7":8044.0,"8":1142.0},"true-positives":{"0":0.0,"7":0.0,"8":0.0},"false-acceptance-rate":{"0":0.0,"7":0.0,"8":0.0},"false-rejection-rate":{"0":1.0,"7":1.0,"8":1.0}}