{"binary-accuracy":{"0":0.948784709,"1":0.9430223107,"2":0.9512771964},"client-id":{"0":0,"1":8,"2":7},"current-round":{"0":1,"1":1,"2":1},"f1-score":{"0":0.0974401161,"1":0.1078124866,"2":0.0929183513},"false-negatives":{"0":177.0,"1":69.0,"2":412.0},"false-positives":{"0":0.0,"1":0.0,"2":0.0},"loss":{"0":21.664308548,"1":21.6685581207,"2":21.6628017426},"precision":{"0":0.0,"1":0.0,"2":0.0},"recall":{"0":0.0,"1":0.0,"2":0.0},"true-negatives":{"0":3279.0,"1":1142.0,"2":8044.0},"true-positives":{"0":0.0,"1":0.0,"2":0.0},"false-acceptance-rate":{"0":0.0,"1":0.0,"2":0.0},"false-rejection-rate":{"0":1.0,"1":1.0,"2":1.0}}