{"anomaly-percentage":{"0":0.0578993696,"1":0.1638966738,"2":0.0636788747,"3":0.0536504437,"4":0.056026377,"5":0.0469619674,"6":0.0681765123,"7":0.0348758456,"8":0.0615941311,"9":0.0594750447,"10":0.0500790081,"11":0.052059335},"binary-accuracy":{"0":0.8870741844,"1":0.2179487199,"2":0.7707277179,"3":0.9403438767,"4":0.9947136521,"5":0.9299760163,"6":1.0,"7":0.9855571191,"8":0.9731685817,"9":0.9253721833,"10":0.7804136276,"11":0.9398616672},"f1-score":{"0":0.1901744192,"1":0.8606556952,"2":0.3661336511,"3":0.1122043952,"4":0.0103004284,"5":0.1210230328,"6":0.0,"7":0.0276861663,"8":0.0503420951,"9":0.1303942567,"10":0.3600997031,"11":0.0924713075},"loss":{"0":16.3156702995,"1":17.3626646996,"2":12.6776682854,"3":9.7374189695,"4":10.3726849556,"5":7.2917745113,"6":8.7864700045,"7":9.3398858706,"8":12.2282567024,"9":9.18975842,"10":11.5052595139,"11":12.5724232674},"precision":{"0":0.0,"1":0.0,"2":0.0,"3":0.0,"4":0.0,"5":0.0,"6":0.0,"7":0.0,"8":0.0,"9":0.0,"10":0.0,"11":0.0},"recall":{"0":0.0,"1":0.0,"2":0.0,"3":0.0,"4":0.0,"5":0.0,"6":0.0,"7":0.0,"8":0.0,"9":0.0,"10":0.0,"11":0.0}}