{"anomaly-percentage":{"0":0.0563946328,"1":0.074614854,"2":0.094739819,"3":0.0578753518,"4":0.0554848415,"5":0.0533807829,"6":0.0963364993,"7":0.0519040746,"8":0.0516836335,"9":0.068308414,"10":0.0002606373,"11":0.0506676769,"12":0.0642527512,"13":0.0784139853,"14":0.0795847751,"15":0.0519890355,"16":0.0600989523,"17":0.0549637032,"18":0.0534175761,"19":0.0666666667,"20":0.1094527363,"21":0.0633802817,"22":0.0719435496,"23":0.0573248408,"24":0.0540755016,"25":0.0576697892,"26":0.0711297071,"27":0.0603792822,"28":0.0673110114,"29":0.0523928683,"30":0.0500790081,"31":0.0651284673,"32":0.0001182424,"33":0.0703564728,"34":0.0020313943,"35":0.2183406114,"36":0.0037117229,"37":0.0813793103,"38":0.0572962766,"39":0.0623492681,"40":0.0525202589,"41":0.0599858857,"42":0.0539772727,"43":0.0542527126,"44":0.0557021401,"45":0.055319951,"46":0.0553818669,"47":0.05710207},"binary-accuracy":{"0":1.0,"1":0.9933869839,"2":1.0,"3":0.8144660592,"4":0.9198263288,"5":0.859375,"6":1.0,"7":0.9713968635,"8":0.9725490212,"9":0.9735682607,"10":1.0,"11":0.9535545111,"12":1.0,"13":1.0,"14":0.8308026195,"15":1.0,"16":0.6993083358,"17":0.9188679457,"18":0.7772988677,"19":0.6651982665,"20":0.4358974397,"21":0.6821191907,"22":1.0,"23":1.0,"24":0.7734618783,"25":1.0,"26":1.0,"27":0.9040383697,"28":0.9118409753,"29":0.9201253057,"30":0.7804136276,"31":1.0,"32":1.0,"33":1.0,"34":1.0,"35":0.0,"36":1.0,"37":1.0,"38":1.0,"39":0.9829843044,"40":0.9566713572,"41":1.0,"42":1.0,"43":0.8080630898,"44":1.0,"45":0.9486091733,"46":0.8161435127,"47":1.0},"client-id":{"0":11,"1":0,"2":4,"3":9,"4":0,"5":2,"6":6,"7":0,"8":8,"9":4,"10":11,"11":3,"12":5,"13":11,"14":2,"15":7,"16":11,"17":3,"18":0,"19":2,"20":1,"21":2,"22":8,"23":6,"24":0,"25":4,"26":6,"27":9,"28":5,"29":8,"30":10,"31":11,"32":7,"33":8,"34":5,"35":1,"36":4,"37":6,"38":9,"39":9,"40":7,"41":6,"42":6,"43":5,"44":4,"45":3,"46":2,"47":6},"current-round":{"0":1,"1":1,"2":1,"3":2,"4":2,"5":2,"6":3,"7":3,"8":3,"9":4,"10":4,"11":4,"12":5,"13":5,"14":5,"15":6,"16":6,"17":6,"18":7,"19":7,"20":7,"21":8,"22":8,"23":8,"24":9,"25":9,"26":9,"27":10,"28":10,"29":10,"30":11,"31":11,"32":11,"33":12,"34":12,"35":12,"36":13,"37":13,"38":13,"39":14,"40":14,"41":14,"42":15,"43":15,"44":15,"45":16,"46":16,"47":16},"f1-score":{"0":0.0,"1":0.0131391017,"2":0.0,"3":0.3129963875,"4":0.1484458745,"5":0.2465753108,"6":0.0,"7":0.0556155443,"8":0.0534351058,"9":0.0515021421,"10":0.0,"11":0.0887681022,"12":0.0,"13":0.0,"14":0.2894248068,"15":0.0,"16":0.4623565376,"17":0.1500872523,"18":0.3642772734,"19":0.501650095,"20":0.7213113904,"21":0.4824120104,"22":0.0,"23":0.0,"24":0.3693943024,"25":0.0,"26":0.0,"27":0.1751186103,"28":0.1620333344,"29":0.1479332745,"30":0.3600997031,"31":0.0,"32":0.0,"33":0.0,"34":0.0,"35":1.0,"36":0.0,"37":0.0,"38":0.0,"39":0.033462029,"40":0.0830584988,"41":0.0,"42":0.0,"43":0.3220587969,"44":0.0,"45":0.0977578312,"46":0.3106060326,"47":0.0},"loss":{"0":21.5383358002,"1":21.5371589661,"2":21.5486183167,"3":17.0066890717,"4":16.7347602844,"5":16.8836994171,"6":19.6538600922,"7":19.7365283966,"8":19.7336025238,"9":12.6890497208,"10":12.5968198776,"11":12.7562704086,"12":6.2461500168,"13":6.2524867058,"14":6.7007608414,"15":11.242852211,"16":11.816192627,"17":11.3964424133,"18":18.2844600677,"19":18.8669242859,"20":20.1317749023,"21":15.2215204239,"22":13.4899749756,"23":13.489156723,"24":5.2854437828,"25":4.8606281281,"26":4.8640089035,"27":7.0973806381,"28":7.0817503929,"29":7.0687847137,"30":11.5052595139,"31":10.6582813263,"32":10.6597137451,"33":8.6206645966,"34":8.6206007004,"35":14.5935544968,"36":6.6534633636,"37":6.6533269882,"38":6.6534237862,"39":6.001540184,"40":6.1170916557,"41":5.9273662567,"42":6.1117563248,"43":7.2185969353,"44":6.1116652489,"45":5.0595440865,"46":5.7154364586,"47":4.805814743},"precision":{"0":0.0,"1":0.0,"2":0.0,"3":0.0,"4":0.0,"5":0.0,"6":0.0,"7":0.0,"8":0.0,"9":0.0,"10":0.0,"11":0.0,"12":0.0,"13":0.0,"14":0.0,"15":0.0,"16":0.0,"17":0.0,"18":0.0,"19":0.0,"20":0.0,"21":0.0,"22":0.0,"23":0.0,"24":0.0,"25":0.0,"26":0.0,"27":0.0,"28":0.0,"29":0.0,"30":0.0,"31":0.0,"32":0.0,"33":0.0,"34":0.0,"35":0.0,"36":0.0,"37":0.0,"38":0.0,"39":0.0,"40":0.0,"41":0.0,"42":0.0,"43":0.0,"44":0.0,"45":0.0,"46":0.0,"47":0.0},"recall":{"0":0.0,"1":0.0,"2":0.0,"3":0.0,"4":0.0,"5":0.0,"6":0.0,"7":0.0,"8":0.0,"9":0.0,"10":0.0,"11":0.0,"12":0.0,"13":0.0,"14":0.0,"15":0.0,"16":0.0,"17":0.0,"18":0.0,"19":0.0,"20":0.0,"21":0.0,"22":0.0,"23":0.0,"24":0.0,"25":0.0,"26":0.0,"27":0.0,"28":0.0,"29":0.0,"30":0.0,"31":0.0,"32":0.0,"33":0.0,"34":0.0,"35":0.0,"36":0.0,"37":0.0,"38":0.0,"39":0.0,"40":0.0,"41":0.0,"42":0.0,"43":0.0,"44":0.0,"45":0.0,"46":0.0,"47":0.0}}