{"anomaly-percentage":{"1":0.0752497686,"2":0.0555803254,"3":0.0666414025,"4":0.039745576,"5":0.0740838372,"6":0.055683897,"7":0.0765123264,"8":0.064216224,"9":0.0609583327,"10":0.0600277206,"11":0.038441906,"12":0.0969094928,"13":0.0474624366,"14":0.0582851376,"15":0.0546440418,"16":0.0559346293},"binary-accuracy":{"1":0.9977956613,"2":0.864555796,"3":0.9813152949,"4":0.9757075906,"5":0.9436008732,"6":0.8727254272,"7":0.6261315246,"8":0.8940397302,"9":0.9244872928,"10":0.9120015502,"11":0.9268045425,"12":0.6666666667,"13":1.0,"14":0.9798852205,"15":0.9360210299,"16":0.9215842287},"f1-score":{"1":0.0043797006,"2":0.2360058576,"3":0.0363502167,"4":0.0467567481,"5":0.0964749356,"6":0.2041479299,"7":0.5290795863,"8":0.1608040035,"9":0.1231314341,"10":0.161695073,"11":0.1200332344,"12":0.3333333333,"13":0.0,"14":0.0388401759,"15":0.1073529323,"16":0.1361212879},"loss":{"1":21.5413710276,"2":16.8750495911,"3":19.7079970042,"4":12.6807133357,"5":6.399799188,"6":11.4851624171,"7":19.0943864187,"8":14.0668840408,"9":5.0033602715,"10":7.0826385816,"11":10.9410848618,"12":10.6116065979,"13":6.6534047127,"14":6.0153326988,"15":6.4806728363,"16":5.1935984294},"precision":{"1":0.0,"2":0.0,"3":0.0,"4":0.0,"5":0.0,"6":0.0,"7":0.0,"8":0.0,"9":0.0,"10":0.0,"11":0.0,"12":0.0,"13":0.0,"14":0.0,"15":0.0,"16":0.0},"recall":{"1":0.0,"2":0.0,"3":0.0,"4":0.0,"5":0.0,"6":0.0,"7":0.0,"8":0.0,"9":0.0,"10":0.0,"11":0.0,"12":0.0,"13":0.0,"14":0.0,"15":0.0,"16":0.0}}