{"binary-accuracy":{"1":0.9514153798,"2":0.9451816281,"3":0.9466974735,"4":0.9566432834,"5":0.9483281573,"6":0.9548137585,"7":0.9597517252,"8":0.9490569433,"9":0.952049017,"10":0.9566809535,"11":0.9521633585,"12":0.9092430075,"13":0.9000695944,"14":0.9458087484,"15":0.9611471891,"16":0.8629871408},"f1-score":{"1":0.0926650216,"2":0.1038694978,"3":0.1011419172,"4":0.0831082985,"5":0.0982333198,"6":0.0864170069,"7":0.0772599429,"8":0.09675054,"9":0.0923907608,"10":0.0827769178,"11":0.0911279221,"12":0.0980943777,"13":0.088778615,"14":0.0933572675,"15":0.0906327888,"16":0.0884571001},"false-negatives":{"1":52.0,"2":216.0,"3":47.6666666667,"4":67.3333333333,"5":59.6666666667,"6":157.0,"7":0.0,"8":3.6666666667,"9":155.3333333333,"10":158.3333333333,"11":199.0,"12":14.3333333333,"13":15.3333333333,"14":241.0,"15":21.6666666667,"16":4.6666666667},"false-positives":{"1":0.0,"2":0.0,"3":0.0,"4":0.0,"5":0.0,"6":404.6666666667,"7":2086.6666666667,"8":4825.0,"9":542.3333333333,"10":3.6666666667,"11":0.0,"12":105.6666666667,"13":253.6666666667,"14":106.3333333333,"15":33.6666666667,"16":2794.3333333333},"loss":{"1":21.8734410604,"2":15.5330123901,"3":24.4112669627,"4":17.7877413432,"5":5.2491043409,"6":12.9327297211,"7":14.2409887314,"8":6.0627210935,"9":5.964630127,"10":9.4123560588,"11":9.686832428,"12":5.7647630374,"13":5.5138163567,"14":5.8663315773,"15":7.4828437169,"16":6.1396327019},"precision":{"1":0.0,"2":0.0,"3":0.0,"4":0.0,"5":0.0,"6":0.1371107648,"7":0.0402482779,"8":0.0497567815,"9":0.1458301172,"10":0.2536231875,"11":0.0,"12":0.0619780235,"13":0.1437918444,"14":0.201182009,"15":0.1959183613,"16":0.1322560459},"recall":{"1":0.0,"2":0.0,"3":0.0,"4":0.0,"5":0.0,"6":0.4190238516,"7":1.0,"8":0.9432320595,"9":0.4190997581,"10":0.1356589099,"11":0.0,"12":0.1448412687,"13":0.5069920023,"14":0.2954631361,"15":0.2823529442,"16":0.9143927495},"true-negatives":{"1":1021.0,"2":4120.6666666667,"3":929.6666666667,"4":1494.3333333333,"5":1194.3333333333,"6":4613.3333333333,"7":0.0,"8":58.3333333333,"9":4474.6666666667,"10":3261.3333333333,"11":3619.6666666667,"12":335.3333333333,"13":1223.0,"14":5497.6666666667,"15":1146.6666666667,"16":349.3333333333},"true-positives":{"1":0.0,"2":0.0,"3":0.0,"4":0.0,"5":0.0,"6":99.0,"7":100.6666666667,"8":258.6666666667,"9":101.6666666667,"10":11.6666666667,"11":0.0,"12":5.0,"13":71.0,"14":49.0,"15":48.0,"16":162.6666666667},"false-acceptance-rate":{"1":0.0,"2":0.0,"3":0.0,"4":0.0,"5":0.0,"6":0.0801109868,"7":1.0,"8":0.9634880089,"9":0.0733356275,"10":0.0024493431,"11":0.0,"12":0.1081742041,"13":0.1334178125,"14":0.0336302455,"15":0.0116051936,"16":0.4853472081},"false-rejection-rate":{"1":1.0,"2":1.0,"3":1.0,"4":1.0,"5":1.0,"6":0.5809761402,"7":0.0,"8":0.056767951,"9":0.5809002433,"10":0.8643410853,"11":1.0,"12":0.8551587302,"13":0.4930080004,"14":0.7045368722,"15":0.7176470588,"16":0.085607242}}