{"binary-accuracy":{"0":0.9459635615,"1":0.954285717,"2":0.9470588267,"3":0.9567260146,"4":0.9394409855,"5":0.8995370269,"6":0.9630325834,"7":0.8285832703,"8":0.9437104364,"9":0.9494845271,"10":0.9129816741,"11":0.954900672},"f1-score":{"0":0.0842376724,"1":0.0865338892,"2":0.1005373038,"3":0.0829553455,"4":0.114193961,"5":0.0851063728,"6":0.0745406548,"7":0.0954943039,"8":0.0931531924,"9":0.0961693153,"10":0.0967423636,"11":0.0974411306},"false-negatives":{"0":36.0,"1":1.4,"2":22.5,"3":87.5,"4":39.0,"5":41.0,"6":8.6666666667,"7":210.5,"8":42.0,"9":417.5,"10":59.5,"11":33.5},"false-positives":{"0":1070.25,"1":6.8,"2":0.0,"3":0.0,"4":0.0,"5":155.5,"6":6.0,"7":3976.5,"8":249.5,"9":2102.1666666667,"10":109.0,"11":1051.1666666667},"loss":{"0":9.7565289736,"1":8.5228528023,"2":13.5586469173,"3":21.0990657806,"4":15.8138189316,"5":11.8632354736,"6":10.0373921394,"7":7.953130722,"8":11.374661684,"9":9.371655941,"10":13.6901577711,"11":7.3789584637},"precision":{"0":0.1616458008,"1":0.0057142857,"2":0.0,"3":0.0,"4":0.0,"5":0.0215384606,"6":0.0622710635,"7":0.0254773274,"8":0.0268524519,"9":0.0560054506,"10":0.2160612717,"11":0.2634801914},"recall":{"0":0.7561061019,"1":0.2,"2":0.0,"3":0.0,"4":0.0,"5":0.1458333284,"6":0.1738095209,"7":0.4953596294,"8":0.2814207673,"9":0.2573334128,"10":0.2393846288,"11":0.7739064991},"true-negatives":{"0":2233.75,"1":26.6,"2":402.5,"3":1934.5,"4":605.0,"5":876.5,"6":249.6666666667,"7":4055.5,"8":902.3333333333,"9":8489.3333333333,"10":1393.5,"11":1862.5},"true-positives":{"0":116.0,"1":0.2,"2":0.0,"3":0.0,"4":0.0,"5":7.0,"6":1.6666666667,"7":213.5,"8":17.1666666667,"9":146.0,"10":21.0,"11":123.8333333333},"false-acceptance-rate":{"0":0.3244985244,"1":0.2,"2":0.0,"3":0.0,"4":0.0,"5":0.1506782946,"6":0.0233922539,"7":0.4955140187,"8":0.2169205717,"9":0.1985497718,"10":0.0729548119,"11":0.3598837224},"false-rejection-rate":{"0":0.2438938939,"1":0.8,"2":1.0,"3":1.0,"4":1.0,"5":0.8541666667,"6":0.8261904762,"7":0.5046403712,"8":0.718579235,"9":0.7426665868,"10":0.7606153645,"11":0.2260935121}}