{"binary-accuracy":{"0":0.9505882263,"1":0.9529314637,"2":0.9507264495,"3":0.9363353848,"4":0.9512326121,"5":0.9479768872,"6":0.9409937859,"7":0.9554896355,"8":0.9436089993,"9":0.9564118981,"10":0.9555555582,"11":0.9579623938,"12":0.947368443,"13":0.9435294271,"14":0.9540866017,"15":0.9609375,"16":0.955408752,"17":0.9480950236,"18":0.9544122219,"19":0.9534143806,"20":0.9714285731,"21":0.9489914775,"22":0.9496284127,"23":0.9485509396,"24":0.953993082,"25":0.9512799382,"26":0.9508740306,"27":0.9456727505,"28":0.9736841917,"29":0.9506859183,"30":0.9474675059,"31":0.9428571463,"32":0.9661654234,"33":0.9699248075,"34":0.9142857194,"35":0.8435184956,"36":0.7991155982,"37":0.9714285731,"38":0.9296646118,"39":0.9502465129,"40":0.9155092835,"41":0.9716704488,"42":0.9409937859,"43":0.9714285731,"44":0.9710192084,"45":0.9050371647,"46":0.9774436355,"47":0.7064806223},"client-id":{"0":2,"1":8,"2":10,"3":4,"4":9,"5":8,"6":4,"7":3,"8":6,"9":10,"10":5,"11":3,"12":6,"13":2,"14":11,"15":0,"16":8,"17":9,"18":11,"19":0,"20":1,"21":9,"22":8,"23":11,"24":0,"25":8,"26":9,"27":10,"28":6,"29":7,"30":9,"31":1,"32":6,"33":6,"34":1,"35":5,"36":10,"37":1,"38":11,"39":9,"40":0,"41":11,"42":4,"43":1,"44":11,"45":8,"46":6,"47":7},"current-round":{"0":1,"1":1,"2":1,"3":2,"4":2,"5":2,"6":3,"7":3,"8":3,"9":4,"10":4,"11":4,"12":5,"13":5,"14":5,"15":6,"16":6,"17":6,"18":7,"19":7,"20":7,"21":8,"22":8,"23":8,"24":9,"25":9,"26":9,"27":10,"28":10,"29":10,"30":11,"31":11,"32":11,"33":12,"34":12,"35":12,"36":13,"37":13,"38":13,"39":14,"40":14,"41":14,"42":15,"43":15,"44":15,"45":16,"46":16,"47":16},"f1-score":{"0":0.0941703916,"1":0.0899053514,"2":0.0939193219,"3":0.1197080165,"4":0.0929993987,"5":0.0989010781,"6":0.1114369333,"7":0.085227266,"8":0.1067615524,"9":0.0835350975,"10":0.0851063728,"11":0.0806834251,"12":0.0999999866,"13":0.1069042161,"14":0.0877957568,"15":0.0751879588,"16":0.0853754878,"17":0.0986875743,"18":0.0872002393,"19":0.0890240446,"20":0.0555555448,"21":0.0970658362,"22":0.095911935,"23":0.097273849,"24":0.0906077251,"25":0.0929133669,"26":0.0936511904,"27":0.1030557081,"28":0.0512820445,"29":0.0939930007,"30":0.099821128,"31":0.1081080958,"32":0.0654545426,"33":0.0512820445,"34":0.1578947157,"35":0.0851063728,"36":0.106459327,"37":0.0555555448,"38":0.1043209732,"39":0.0947907642,"40":0.0821309611,"41":0.1031500772,"42":0.1114369333,"43":0.0555555448,"44":0.1049058884,"45":0.095911935,"46":0.0724637583,"47":0.096995607},"false-negatives":{"0":21.0,"1":57.0,"2":78.0,"3":41.0,"4":544.0,"5":63.0,"6":38.0,"7":90.0,"8":15.0,"9":69.0,"10":48.0,"11":85.0,"12":14.0,"13":24.0,"14":141.0,"15":4.0,"16":54.0,"17":413.0,"18":0.0,"19":0.0,"20":0.0,"21":0.0,"22":10.0,"23":1.0,"24":0.0,"25":59.0,"26":407.0,"27":51.0,"28":7.0,"29":417.0,"30":586.0,"31":2.0,"32":9.0,"33":6.0,"34":3.0,"35":34.0,"36":40.0,"37":1.0,"38":5.0,"39":555.0,"40":140.0,"41":28.0,"42":38.0,"43":1.0,"44":26.0,"45":9.0,"46":1.0,"47":4.0},"false-positives":{"0":0.0,"1":0.0,"2":0.0,"3":0.0,"4":0.0,"5":0.0,"6":0.0,"7":0.0,"8":0.0,"9":0.0,"10":0.0,"11":0.0,"12":0.0,"13":0.0,"14":0.0,"15":455.0,"16":41.0,"17":718.0,"18":2931.0,"19":3295.0,"20":34.0,"21":10586.0,"22":1056.0,"23":2833.0,"24":318.0,"25":0.0,"26":1309.0,"27":11.0,"28":0.0,"29":0.0,"30":0.0,"31":0.0,"32":0.0,"33":6.0,"34":0.0,"35":311.0,"36":425.0,"37":0.0,"38":336.0,"39":0.0,"40":213.0,"41":106.0,"42":0.0,"43":0.0,"44":101.0,"45":400.0,"46":30.0,"47":7953.0},"loss":{"0":21.8737792969,"1":21.8732318878,"2":21.8733119965,"3":15.5336112976,"4":15.5337209702,"5":15.5317049026,"6":24.4114532471,"7":24.4103336334,"8":24.4120140076,"9":17.788187027,"10":17.7872390747,"11":17.7877979279,"12":5.2506146431,"13":5.2435145378,"14":5.2531838417,"15":12.9315137863,"16":12.9213066101,"17":12.9453687668,"18":14.2308502197,"19":14.2411870956,"20":14.2509288788,"21":6.1155638695,"22":6.0147924423,"23":6.0578069687,"24":5.9454135895,"25":5.8805789948,"26":6.0678977966,"27":9.3852529526,"28":9.3666143417,"29":9.485200882,"30":9.6985673904,"31":9.7250270844,"32":9.6369028091,"33":5.5867247581,"34":5.7683324814,"35":5.9392318726,"36":5.7138791084,"37":5.3875980377,"38":5.4399719238,"39":5.8688168526,"40":5.9080014229,"41":5.8221764565,"42":7.4963922501,"43":7.4823775291,"44":7.4697613716,"45":6.0263552666,"46":5.9714822769,"47":6.4210605621},"precision":{"0":0.0,"1":0.0,"2":0.0,"3":0.0,"4":0.0,"5":0.0,"6":0.0,"7":0.0,"8":0.0,"9":0.0,"10":0.0,"11":0.0,"12":0.0,"13":0.0,"14":0.0,"15":0.2235494852,"16":0.0,"17":0.1877828091,"18":0.0455877557,"19":0.0465856493,"20":0.0285714287,"21":0.0510085151,"22":0.0460704602,"23":0.0521913692,"24":0.3402489722,"25":0.0,"26":0.0972413793,"27":0.7608695626,"28":0.0,"29":0.0,"30":0.0,"31":0.0,"32":0.0,"33":0.1428571492,"34":0.0,"35":0.0430769213,"36":0.1033755243,"37":0.0,"38":0.3280000091,"39":0.0,"40":0.0361990966,"41":0.5673469305,"42":0.0,"43":0.0,"44":0.587755084,"45":0.1150442511,"46":0.2307692319,"47":0.0509546548},"recall":{"0":0.0,"1":0.0,"2":0.0,"3":0.0,"4":0.0,"5":0.0,"6":0.0,"7":0.0,"8":0.0,"9":0.0,"10":0.0,"11":0.0,"12":0.0,"13":0.0,"14":0.0,"15":0.9703703523,"16":0.0,"17":0.2867012024,"18":1.0,"19":1.0,"20":1.0,"21":1.0,"22":0.8360655904,"23":0.9936305881,"24":1.0,"25":0.0,"26":0.2572992742,"27":0.4069767296,"28":0.0,"29":0.0,"30":0.0,"31":0.0,"32":0.0,"33":0.1428571492,"34":0.0,"35":0.2916666567,"36":0.5505617857,"37":0.0,"38":0.9704142213,"39":0.0,"40":0.0540540554,"41":0.8323353529,"42":0.0,"43":0.0,"44":0.8470588326,"45":0.8524590135,"46":0.8999999762,"47":0.9907192588},"true-negatives":{"0":404.0,"1":1154.0,"2":1505.0,"3":603.0,"4":10611.0,"5":1148.0,"6":606.0,"7":1932.0,"8":251.0,"9":1514.0,"10":1032.0,"11":1937.0,"12":252.0,"13":401.0,"14":2930.0,"15":2866.0,"16":1116.0,"17":9858.0,"18":0.0,"19":0.0,"20":0.0,"21":0.0,"22":94.0,"23":81.0,"24":2974.0,"25":1152.0,"26":9298.0,"27":1486.0,"28":259.0,"29":8039.0,"30":10569.0,"31":33.0,"32":257.0,"33":253.0,"34":32.0,"35":721.0,"36":1069.0,"37":34.0,"38":2566.0,"39":10600.0,"40":3095.0,"41":2798.0,"42":606.0,"43":34.0,"44":2800.0,"45":750.0,"46":226.0,"47":72.0},"true-positives":{"0":0.0,"1":0.0,"2":0.0,"3":0.0,"4":0.0,"5":0.0,"6":0.0,"7":0.0,"8":0.0,"9":0.0,"10":0.0,"11":0.0,"12":0.0,"13":0.0,"14":0.0,"15":131.0,"16":0.0,"17":166.0,"18":140.0,"19":161.0,"20":1.0,"21":569.0,"22":51.0,"23":156.0,"24":164.0,"25":0.0,"26":141.0,"27":35.0,"28":0.0,"29":0.0,"30":0.0,"31":0.0,"32":0.0,"33":1.0,"34":0.0,"35":14.0,"36":49.0,"37":0.0,"38":164.0,"39":0.0,"40":8.0,"41":139.0,"42":0.0,"43":0.0,"44":144.0,"45":52.0,"46":9.0,"47":427.0},"false-acceptance-rate":{"0":0.0,"1":0.0,"2":0.0,"3":0.0,"4":0.0,"5":0.0,"6":0.0,"7":0.0,"8":0.0,"9":0.0,"10":0.0,"11":0.0,"12":0.0,"13":0.0,"14":0.0,"15":0.1370069256,"16":0.0354364736,"17":0.0678895613,"18":1.0,"19":1.0,"20":1.0,"21":1.0,"22":0.9182608696,"23":0.9722031572,"24":0.0965978129,"25":0.0,"26":0.1234090695,"27":0.0073480294,"28":0.0,"29":0.0,"30":0.0,"31":0.0,"32":0.0,"33":0.0231660232,"34":0.0,"35":0.3013565891,"36":0.2844712182,"37":0.0,"38":0.1157822192,"39":0.0,"40":0.0643893591,"41":0.0365013774,"42":0.0,"43":0.0,"44":0.0348155808,"45":0.347826087,"46":0.1171875,"47":0.9910280374},"false-rejection-rate":{"0":1.0,"1":1.0,"2":1.0,"3":1.0,"4":1.0,"5":1.0,"6":1.0,"7":1.0,"8":1.0,"9":1.0,"10":1.0,"11":1.0,"12":1.0,"13":1.0,"14":1.0,"15":0.0296296296,"16":1.0,"17":0.713298791,"18":0.0,"19":0.0,"20":0.0,"21":0.0,"22":0.1639344262,"23":0.0063694268,"24":0.0,"25":1.0,"26":0.7427007299,"27":0.5930232558,"28":1.0,"29":1.0,"30":1.0,"31":1.0,"32":1.0,"33":0.8571428571,"34":1.0,"35":0.7083333333,"36":0.4494382022,"37":1.0,"38":0.0295857988,"39":1.0,"40":0.9459459459,"41":0.1676646707,"42":1.0,"43":1.0,"44":0.1529411765,"45":0.1475409836,"46":0.1,"47":0.0092807425}}